Date,Close,Daily_Return,Close_to_Close_Vol,Parkinson_Vol,Garman_Klass_Vol,Yang_Zhang_Vol,Rogers_Satchell_Vol
2023-10-02,4288.39,,,,,,
2023-10-03,4229.45,-0.013839410161483797,,,,,
2023-10-04,4263.75,0.008077093787000134,,,,,
2023-10-05,4258.19,-0.0013048673867472557,,,,,
2023-10-06,4308.5,0.011745628333713317,,,,,
2023-10-09,4335.66,0.006284032081045516,,,,,
2023-10-10,4358.24,0.005194458360886415,,,,,
2023-10-11,4376.95,0.004283828654568987,,,,,
2023-10-12,4349.61,-0.006265948885271601,,,,,
2023-10-13,4327.78,-0.005031477449688668,,,,,
2023-10-16,4373.63,0.010538619453747615,,,,,
2023-10-17,4373.2,-9.832133477993887e-05,,,,,
2023-10-18,4314.6,-0.01349038622382619,,,,,
2023-10-19,4278.0,-0.008519009694152467,,,,,
2023-10-20,4224.16,-0.01266518618575799,,,,,
2023-10-23,4217.04,-0.0016869643388467898,,,,,
2023-10-24,4247.68,0.0072394913997594025,,,,,
2023-10-25,4186.77,-0.014443397939346892,,,,,
2023-10-26,4137.23,-0.011903071819740901,,,,,
2023-10-27,4117.37,-0.004811871761208667,,,,,
2023-10-30,4166.82,0.011938544947970331,,12.689757521604731,12.494829565090404,,13.637823187445571
2023-10-31,4193.8,0.006454089207465981,14.467046167260664,12.714233929902388,12.477285392506806,14.685091987596394,13.678932838762597
2023-11-01,4237.86,0.010451180679737281,14.208677945189251,12.537424029607857,12.254646189833576,14.599414424147561,13.634872254490846
2023-11-02,4317.78,0.018682956430735833,15.385684761934373,12.564367419888638,12.134443090446705,15.1515072652309,14.081040688984483
2023-11-03,4358.34,0.009349869637436973,15.65977427154395,12.543037801902898,12.044876512549248,15.294992116944695,14.286621188922647
2023-11-06,4365.98,0.0017514263468030517,15.179618814445902,11.523333040289629,11.173843336401525,13.902840608731445,12.971550658386477
2023-11-07,4378.38,0.002836115693239983,15.06438521188779,11.275260062967565,11.048875308781163,13.246004303644416,12.437636843838455
2023-11-08,4382.78,0.0010044332873557552,14.968323122664781,11.162060792007585,10.9265009549721,13.136165096380184,12.228628766824484
2023-11-09,4347.35,-0.008116762182437998,15.164183123272649,11.296764783552389,10.914625495361983,13.476619654058206,12.757212172329545
2023-11-10,4415.24,0.015495728650985885,15.943363162950833,11.344838117868855,10.804928019482686,14.039675501475182,12.899705844622014
2023-11-13,4411.55,-0.0008360910851978613,15.818645750609592,10.987137826352603,10.404024040924678,13.830469907453105,12.64097045828402
2023-11-14,4495.7,0.018895282757298078,16.699705519616078,11.055314512390133,10.468641536584965,14.293315726034681,12.75244023459614
2023-11-15,4502.88,0.0015958076771483444,16.692003021540902,10.794183676604609,10.17732137227148,13.824435663770371,12.465417089192604
2023-11-16,4508.24,0.0011896413835666805,15.793342623620118,10.457863773130557,9.893974411165173,13.305627258102467,11.958171997837832
2023-11-17,4514.02,0.001281275598516672,15.321649156714717,9.94288737080194,9.380576128066176,12.76372395332703,11.555900017918534
2023-11-20,4547.38,0.0073631338909269815,14.354761930399878,9.828332110002725,9.397807279146932,12.109143632685761,11.261744753950241
2023-11-21,4538.19,-0.0020229887908321687,14.370556457707567,9.295396904074996,8.620001414185552,12.065957133444801,11.21535355009784
2023-11-22,4556.62,0.004052866464977724,14.30819686226212,9.148787729600144,8.419700624091178,12.037643495963824,11.196889301527557
2023-11-24,4559.34,0.0005967555980324687,12.824030234423306,8.800965449417248,8.225591067965416,11.01887350425814,10.470108851180914
2023-11-27,4550.43,-0.0019561422168003027,11.675472552046964,8.372726778735906,7.839124522955079,10.202456363262236,9.938494382607105
2023-11-28,4554.89,0.0009796471418229004,11.256243306154113,8.036790762049167,7.552654340909967,9.397048101673205,9.400637755916875
2023-11-29,4550.58,-0.000946683767425388,11.111974489709961,7.938554172155028,7.475428231004648,9.611289474112871,9.135055800098
2023-11-30,4567.8,0.0037769911916856066,11.0820649373207,7.795773787969276,7.330283102125831,9.558471108762916,9.07403265729437
2023-12-01,4594.63,0.005856541700615295,10.860685641512005,7.702373524600404,7.24364350478375,9.559197626631427,8.909424011677272
2023-12-04,4569.78,-0.005423166555119596,9.877999420856614,7.381062932538832,7.201020703793209,9.131106733959667,7.904879355828171
2023-12-05,4567.18,-0.0005691170958779145,9.63131014185116,7.2414177501166215,7.0873687940499215,9.04692835076169,7.573888254072979
2023-12-06,4549.34,-0.003913779111384419,9.86382218510226,7.423591917537338,7.135685820793039,9.738742834620027,8.058446618953655
2023-12-07,4585.59,0.007936610413312938,10.076911337284434,7.370041417966497,7.039755262343437,9.83752571475702,8.124315515988712
2023-12-08,4604.37,0.004087074621006593,10.087330541389555,7.390677057315929,6.945552875204491,9.998266259869164,8.413029548127211
2023-12-11,4622.44,0.003916851675081129,9.348528453458641,7.137771080252168,6.783673844486904,9.192381418855309,7.946875576127469
2023-12-12,4643.7,0.004588758060085738,8.192073396866377,6.642944683009855,6.438153372481431,8.570405804305201,7.187833777412118
2023-12-13,4707.09,0.013558420429298217,8.956960417313429,7.15062153928725,6.5845416862970865,9.310919176521388,8.473773106595967
2023-12-14,4719.55,0.0026435733742609306,6.868977505810424,7.044149052050132,6.661535119227569,8.40770499018035,7.808165073613862
2023-12-15,4719.19,-7.628136810104926e-05,6.9152687032703515,7.00295827762296,6.598185037830271,8.328539306728322,7.816490425879066
2023-12-18,4740.56,0.004518097487249544,6.947960782180491,6.992781498803911,6.569552412648427,8.338056871219008,7.914837573754191
2023-12-19,4768.37,0.005849255234901429,7.0355270832328785,7.0143515065755375,6.5098505078069,8.376134770503365,8.117423034534793
2023-12-20,4698.35,-0.014793144174519959,9.048196737366519,7.549696885985618,6.851220664148483,9.940687745859243,8.708055182131206
2023-12-21,4746.75,0.01024879009249407,9.427396547697,7.718083522538416,7.032867818355439,10.131962533641829,8.763990001613058
2023-12-22,4754.63,0.0016587067997896167,9.402623422092448,7.806017943722714,7.168072749261638,10.096384912881467,8.755666740373504
2023-12-26,4774.75,0.004222736399949838,9.41708267840841,7.882145680844031,7.249079945164698,10.104109409649704,8.875032979611804
2023-12-27,4781.58,0.001429419277681746,9.301209704449152,7.888156122453024,7.25191112847611,10.0419642981915,8.888616035229683
2023-12-28,4783.35,0.00037010203319937546,9.314990002706812,7.80491377704436,7.138293924589717,10.074419261116994,8.833862608903688
2023-12-29,4769.83,-0.0028304729998547477,9.420753117102054,7.748610321903183,7.099456699204378,9.86546124608498,8.870294940466412
2024-01-02,4742.83,-0.005676660892965471,9.788533081047143,7.729678911639416,7.096265567263216,10.068326594872167,8.891092754600507
2024-01-03,4704.81,-0.00804861430897457,10.23573507387669,7.571485006870817,6.9919375978275635,10.111906578418688,8.617944507881898
2024-01-04,4688.68,-0.003434296699869414,10.097589466885923,7.678994419457753,7.145935279373293,9.913142894503801,8.581919337788687
2024-01-05,4697.24,0.0018240092336748459,10.078080388033465,7.778338760452738,7.301998942402332,9.852568753798131,8.576876599740348
2024-01-08,4763.54,0.014015987132365047,10.789801741749947,8.033676364378412,7.384551868085875,9.945117638582287,9.182983566591462
2024-01-09,4756.5,-0.0014789856520085827,10.650127573731517,8.095932517468373,7.49053755939386,9.939707170963569,9.136797549980011
2024-01-10,4783.45,0.005649939819610993,10.707086419472583,8.079529190155203,7.507386548026465,9.870721571517922,9.049049918145291
2024-01-11,4780.24,-0.000671289036040164,10.711671517679536,8.367310423535832,8.029859348866777,9.844860905293434,8.93303513994277
2024-01-12,4783.83,0.0007507264519410598,10.659053181956862,8.338145096410917,8.06774167332957,9.817826899155055,8.83390858817224
2024-01-16,4765.98,-0.0037382986232446964,9.827985310947659,7.946558328547019,8.001496678425463,8.903245290665065,7.638428465132089
2024-01-17,4739.21,-0.005632727126755614,10.026478146742194,7.81121516612602,7.814857336508914,9.042286327628117,7.633014276932963
2024-01-18,4780.94,0.008766724739532073,10.454807611149104,8.0044070965651,8.029593581154518,9.27889855048522,7.673511155411313
2024-01-19,4839.81,0.012238283870230153,11.137356317736078,8.298448422563194,8.234093744274201,9.743179988490876,8.056639028535546
2024-01-22,4850.43,0.0021918970535104105,11.007462965784939,8.29218814799299,8.299634030242604,9.684293419833827,7.845959112469404
2024-01-23,4864.6,0.002917131506229948,9.442182385708954,7.566966093749909,7.870462341168497,8.064468600643286,6.505817263422002
2024-01-24,4868.55,0.0008116591682758741,8.911038647807434,7.5292283491031915,7.836920338990737,8.147927768576103,6.486727598102146
2024-01-25,4894.16,0.005246506091991603,9.019986716467807,7.462637491142077,7.741147249566895,8.224320585044168,6.469128125580453
2024-01-26,4890.97,-0.000652009756234213,8.984226717185132,7.451739054979706,7.759310748052438,8.196502130966197,6.310528838980865
2024-01-29,4927.93,0.007528373761456543,9.252936752166589,7.626806877823011,7.85164229404368,8.466047716878359,6.6982136727573
2024-01-30,4924.97,-0.0006008383499372603,9.273115597393117,7.633717248848729,7.862073142703657,8.451666119814853,6.70140063409715
2024-01-31,4845.65,-0.016236787963987382,11.03696117926869,7.91554840449318,7.91429630135287,9.56016585216532,7.467069156486865
2024-02-01,4906.19,0.012416277903485802,11.480012777974599,8.118839125083053,7.9508863035732515,9.855615609617214,8.016065853805827
2024-02-02,4958.61,0.010627786351803241,11.321563683492421,8.499384671395067,8.330459674698448,9.846668800466196,8.522271102842382
2024-02-05,4942.81,-0.003191464135615035,11.305822455376644,8.481997890311794,8.291973084138508,9.879168015336045,8.735621946484065
2024-02-06,4954.23,0.0023077617284261594,11.3033470279009,8.35673459569463,8.117575514209694,9.889174240040083,8.680158845350022
2024-02-07,4995.06,0.00820766692133105,10.724344619505699,7.962161181985137,7.966980442272289,9.204223982025276,7.715386992508397
2024-02-08,4997.91,0.0005704010073624875,10.657608768840955,7.83168934163459,7.812704693514673,8.991063989316032,7.652891463069651
2024-02-09,5026.61,0.005725975590860193,10.660600580030469,7.783401503016213,7.758245086364967,8.969576184240138,7.587505726846171
2024-02-12,5021.84,-0.0009494002275555409,10.6709985678434,7.461699463478013,7.323373995112245,8.905548155084581,7.376070831051755
2024-02-13,4953.17,-0.013768624761212093,12.042068514260917,7.626710773805565,7.535359461877751,9.834409112580342,7.5618966698870835
2024-02-14,5000.62,0.0095341290968955,12.1699056880075,7.714059732095889,7.591631739056217,9.915001344969118,7.574100067478752
2024-02-15,5029.73,0.005804399991794575,11.873218037668105,7.729055128330854,7.526719537017676,9.709384747373411,7.788081871489526
2024-02-16,5005.57,-0.004815012341991563,11.949922507962185,7.646878409033024,7.387960155193481,9.876641654535664,7.932283762560267
2024-02-20,4975.51,-0.006023414477222352,11.685935710136313,7.42927723972488,7.3117629107332665,9.626744335872132,7.548325424633749
2024-02-21,4981.8,0.0012633935945864823,11.681600303110287,7.519072985757444,7.394576970397757,9.673115328624139,7.572545977695016
2024-02-22,5087.03,0.02090289169482803,13.517845108666164,7.800235106104053,7.521221596137154,10.823399430260391,8.365489432021592
2024-02-23,5088.8,0.00034788317372660206,13.524492979852504,7.7278880306449915,7.451772841353635,10.645413244245274,8.351220208111473
2024-02-26,5069.53,-0.0037939352461026604,13.6222958718344,7.720009117049109,7.381073373137278,10.797612711476551,8.49029618483562
2024-02-27,5078.18,0.001704818544289236,13.595976645815227,7.705292841445208,7.358717509963847,10.782839943680584,8.47295326085877
2024-02-28,5069.76,-0.001659450476103029,13.479288553385082,7.53828216785296,7.277497184226971,10.612224163356139,8.151552486591859
2024-02-29,5096.27,0.005215420393340162,13.523669563470298,7.716532296333149,7.517995521519675,10.646325556464678,8.138107352655313
2024-03-01,5137.08,0.007975925057791697,12.009814729239867,7.494010826571753,7.40219219060181,9.686942350529959,7.762227462099595
2024-03-04,5130.95,-0.0011939974324694175,11.550663361930155,7.1970501840624435,7.259090274571278,9.317389308130315,7.181866110003619
2024-03-05,5078.65,-0.01024534898157439,11.875081649666056,7.024593277577808,7.136045493494701,9.429504035259303,6.944941875136984
2024-03-06,5104.76,0.005127959537251652,11.842474586073749,6.982063291923307,7.104190614401361,9.531630999236754,6.7387308883483525
2024-03-07,5157.36,0.010251382881397443,12.221408411328886,7.0787625571884645,7.161909542849373,9.767181826037532,6.989393888660174
2024-03-08,5123.69,-0.0065499380656454595,12.332465037963553,7.539528279202881,7.656541907033695,10.11064390073559,7.110350920664586
2024-03-11,5117.94,-0.0011228682551799477,12.357466838687557,7.642049260655118,7.793008774783427,10.164696243520142,7.097195465207817
2024-03-12,5175.27,0.011139497364012345,12.747292062116147,7.991646736869269,8.142939249203787,10.439883876024847,7.26288827695879
2024-03-13,5165.31,-0.001926391571868686,12.774327446847655,7.960508223694986,8.096202993999023,10.45777661624726,7.321875246278034
2024-03-14,5150.48,-0.0028752059156686048,11.659518118853024,7.965469633547119,8.062965823184628,9.699126238006043,7.482678870622789
2024-03-15,5117.09,-0.00650399611692649,11.653133976075745,7.8414566536181995,7.957047779985024,9.764154955296517,7.446259481827281
2024-03-18,5149.42,0.006298168875158858,11.679495108225883,7.814003468372965,7.998200828339057,9.861752173819358,7.203491342247953
2024-03-19,5178.51,0.0056332831318901015,11.570833905547161,7.892135754740936,8.0105096125272,10.075133600965378,7.412376659893102
2024-03-20,5224.62,0.008864697827341068,11.481112408399088,8.027973756870713,8.022883134037782,10.215568119245725,7.711585100208225
2024-03-21,5241.53,0.003231372513137806,11.478393725548298,7.916617617931182,7.894769768069146,10.242423841064747,7.710559454237538
2024-03-22,5234.18,-0.0014032464064151588,9.357708650665707,7.608099374064854,7.731271458528558,9.09949521255454,6.873996361414961
2024-03-25,5218.19,-0.0030595955699421543,9.477727145541454,7.529359893608341,7.640649673577031,9.123529360391288,6.833131455635136
2024-03-26,5203.58,-0.0028037482252575453,9.418064162367875,7.543700062686312,7.653771409745179,9.149852519318081,6.834013405450129
2024-03-27,5248.49,0.008593565940707955,9.756872767550707,7.613151150008174,7.69618094629948,9.325938914230388,6.92184327216946
2024-03-28,5254.35,0.0011158887706710923,9.688222436456952,7.610384169393532,7.688789622482364,9.267140080072833,6.949651095146901
2024-04-01,5243.77,-0.0020155996658250933,9.681723227046211,7.530296263622495,7.570361534405544,9.290487996935234,7.0645711865469725
2024-04-02,5205.81,-0.0072653957344673645,9.807946841939073,7.357161682907373,7.507737175541007,9.397280519349295,6.571377388244436
2024-04-03,5211.49,0.0010904938060488179,9.786233739451152,7.4284757616268005,7.571391455630118,9.495794449176831,6.76686943065897
2024-04-04,5147.21,-0.012410983057457463,10.115790541432533,8.31583996374898,7.899554473097911,11.378484860793357,8.677521259875208
2024-04-05,5204.34,0.011038072569656417,10.639880668556147,8.59175725247362,8.082828570010873,11.697650042071995,9.370767076016557
2024-04-08,5202.39,-0.0003747574930495873,10.088077864691602,8.504084386452512,8.013064032019763,11.463200977951608,9.206284493382125
2024-04-09,5209.91,0.0014444457627020377,9.767761167686903,8.396883988406403,8.032616350653269,11.15420283933625,9.064027878255523
2024-04-10,5160.64,-0.009501978333887355,10.38668425068832,8.438665717572032,8.091373313206049,11.5319955032831,9.109915747097627
2024-04-11,5199.06,0.007417237205872028,9.973364623852468,8.534619250319455,8.335548628812802,11.297523516867921,8.87494004544216
2024-04-12,5123.41,-0.01465760702944856,11.216020467262071,8.888419037691898,8.607857726077551,11.894088140361724,9.554229789542198
2024-04-15,5061.82,-0.012094130563305876,11.90698483223003,9.829063429934342,9.2647939059994,13.256092494093508,10.841548726268476
2024-04-16,5051.41,-0.002058690186348507,11.738310739055596,9.877861162221821,9.32326086026082,13.105279590144947,10.861678373551987
2024-04-17,5022.21,-0.005797336366096615,11.587569877155438,10.2277750332024,9.630406938101775,13.217364617745368,11.39768101266922
2024-04-18,5011.12,-0.002210632863926085,11.321015868639565,10.289602533225228,9.82063591953,12.772955573703278,11.152149239718716
2024-04-19,4967.23,-0.008797102336546191,10.916930766783182,10.418947606714447,10.029545484050177,12.328922673020987,11.177322134321386
2024-04-22,5010.6,0.008693327734887766,11.424459375498454,10.781141988770623,10.51049226321151,12.54563061300724,11.331156586332765
2024-04-23,5070.55,0.011893624576650831,12.418639207898204,10.943087432075005,10.59730390821457,13.144451167913415,11.711701222026102
2024-04-24,5071.63,0.00021297196541228134,12.419010876212479,11.068906513165725,10.762463402001295,13.084862249981368,11.800471435341747
2024-04-25,5048.42,-0.004586941901457446,12.460485860918265,11.342677695248344,11.13258541067813,13.867947147260217,11.757916283436305
2024-04-26,5099.96,0.010157373516560254,12.62979736799129,11.382062190752295,11.206585281357672,13.943183734041847,11.769908322288108
2024-04-29,5116.17,0.003173415687477538,12.700676328687619,11.445473412442034,11.298407759229576,13.94493513908738,11.746399666663875
2024-04-30,5035.69,-0.01585555475344571,13.670998362001871,11.776749402088555,11.414717206324891,14.547228214494162,12.494388426522447
2024-05-01,5018.39,-0.0034413923648739225,13.546500645092511,12.219792211014417,12.03454052880195,14.240084019401817,12.395139476642827
2024-05-02,5064.2,0.009087013401337432,14.031995453065804,12.410394193279856,12.306044032816619,14.298430219336822,12.248057102357624
2024-05-03,5127.79,0.01247858860899914,14.211082461805196,11.69799882988069,11.987081423931516,13.452897588525573,10.632283230760693
2024-05-06,5180.74,0.010273136069376812,14.137278347369293,11.509893219675325,11.774560143230067,13.337224790385873,10.356328327859025
2024-05-07,5187.7,0.0013425358193505205,14.147367681746148,11.507257834800424,11.77682569145083,13.350791902123985,10.345628671943208
2024-05-08,5187.67,-5.78292629562257e-06,14.135886902191213,11.26653080483154,11.426993498935103,13.570129356280603,10.351742285524052
2024-05-09,5214.08,0.005078002595891348,13.826392208939515,11.239104992439596,11.346211513295895,13.3278445483264,10.416648386505493
2024-05-10,5222.68,0.0016480214063461682,13.604885417684173,10.914600903637215,10.951351915316486,13.145987523731792,10.392999990660579
2024-05-13,5221.42,-0.00024128455417182781,12.489938833619544,10.622577401291538,10.725216538124421,12.581794122089324,9.788666141486951
2024-05-14,5246.68,0.004826100061719822,11.616292250331393,9.602634321988392,9.952382394818406,11.193953886537088,8.17979720318067
2024-05-15,5308.15,0.011647879688045933,12.019653325209983,9.651211220933426,9.86497769991767,11.516297290434304,8.698556092855323
2024-05-16,5297.1,-0.00208387430730016,11.768286072430545,9.271063224712096,9.542008563490866,10.999136289402237,7.9955261157278805
2024-05-17,5303.27,0.0011641104408194052,11.654233837897317,9.03090970711106,9.258608755684982,10.854668677520426,7.966577675347436
2024-05-20,5308.13,0.0009159960683443537,10.908949990070697,8.654658404288467,8.899800734569533,10.340499125991931,7.52185521443417
2024-05-21,5321.41,0.002498698327390512,10.722569791736458,8.224486086289113,8.324450770239514,10.351809628112422,7.432936185428245
2024-05-22,5307.01,-0.0027097176835470336,10.360588132232158,8.113822348617074,8.3488868302966,10.112013017544589,6.90567370149517
2024-05-23,5267.84,-0.00740817678564494,10.866047835439922,8.597587879862921,8.51961774277826,11.395419610873462,8.420722255038074
2024-05-24,5304.72,0.006976578915071976,10.746313668952892,8.239534732529163,8.051115509977521,10.523611073956477,8.51353716922344
2024-05-28,5306.04,0.00024880404548013993,10.382222476076459,8.179897554903404,7.982599778544028,10.336444486507233,8.523594223686104
2024-05-29,5266.95,-0.007394346936505546,10.851924732721377,8.092710835034397,7.844175717727975,10.626175381537893,8.569644890430006
2024-05-30,5235.48,-0.005992916722542298,9.305490198271167,7.62814901343112,7.666507781359605,9.559532964134327,7.60534411317039
2024-05-31,5277.51,0.007995864911522231,9.32902469039687,7.682356718619706,7.626463916513669,9.67965204499077,7.629732037858357
2024-06-03,5283.4,0.0011154342969859781,9.01209548873637,7.720562331036581,7.68550540052404,9.61243210052917,7.9159445879540895
2024-06-04,5291.34,0.0015016920495655548,8.169486757045206,7.737498395142703,7.693463835559153,8.923524643153916,7.923130742169911
2024-06-05,5354.03,0.011778026448059028,8.38696601782561,7.894643780108031,7.912113728133659,8.982127064520354,7.740271425292149
2024-06-06,5352.96,-0.0001998694317565987,8.409151423262882,7.9183552283567975,7.9425374781590925,8.99645105163684,7.763007886036746
2024-06-07,5346.99,-0.0011158931807150971,8.442811934357074,8.03074085489023,8.133647648095705,8.83729489388999,7.671700580944786
2024-06-10,5360.79,0.0025775665246065955,8.351003984341824,8.01994479635107,8.146844581880169,8.800170587599705,7.623250355637554
2024-06-11,5375.32,0.0027067548434573357,8.364265022185222,8.153442305399734,8.281006640108581,8.903053591076228,7.604051981779168
2024-06-12,5421.03,0.008467727171882782,8.690362751422748,8.21783630286222,8.369187758518823,9.053604123931786,7.665747294187404
2024-06-13,5433.74,0.002341828672305396,8.623229974637798,8.25609098777713,8.480511245004593,9.020059515473463,7.559728306034774
2024-06-14,5431.6,-0.0003939131270021622,7.840727524984839,8.107457894263215,8.473598569536895,8.579855548685657,6.88705913978075
2024-06-17,5473.23,0.007635185920104081,8.063935412270165,8.435658259897503,8.76580612838324,8.897542770775564,7.445076669295607
2024-06-18,5487.03,0.0025181897678469146,8.069250960619124,8.42294108279086,8.738396499538544,8.903201480931697,7.47325817859071
2024-06-20,5473.17,-0.002529152276068834,8.194516212703395,8.587131667741984,8.895863350113437,9.136895478542256,7.7340601715392125
2024-06-21,5464.62,-0.0015633874377691908,8.250143780765056,8.582899737956668,8.937399759219446,9.021404493906175,7.579281132397798
2024-06-24,5447.87,-0.003069879221800406,8.272916587612459,8.61540837308444,8.98252151164085,9.026874266616062,7.417123094658584
2024-06-25,5469.3,0.00392593090057643,7.689894308297969,8.00680940611388,8.671193248326379,7.215546103579064,5.447155889519361
2024-06-26,5477.9,0.0015711783413408377,7.454652551385492,7.988555894260653,8.673110730712057,7.1627891767453375,5.282440156556709
2024-06-27,5482.87,0.0009068706560974762,7.443882550704739,7.918768696239249,8.585508984655705,7.075572642976308,5.1811076533172935
2024-06-28,5460.48,-0.004091988512145809,7.019073450551949,8.346863871067105,9.07649659248812,7.03843415019135,5.145978132597326
2024-07-01,5475.09,0.002672015942936098,6.437320286352737,8.30439461986816,9.075833367797635,6.702743357296305,4.719718251889367
2024-07-02,5509.01,0.0061762197767835335,6.25676197993729,7.767701476865049,8.303971923365202,7.024350552617918,5.730637786744991
2024-07-03,5537.02,0.005071516198197267,6.332386020567752,7.38984279141597,7.745912992600322,6.9057293216568905,5.7543484113377605
2024-07-05,5567.19,0.005433988413197175,6.421081450509498,7.353927079183379,7.6328823472342,6.989743061719486,6.00795791622217
2024-07-08,5572.85,0.0010161544279964853,5.454301354398339,7.056715483221773,7.407540502972472,6.578231808331986,5.683395537116536
2024-07-09,5576.98,0.0007408185037586474,5.418121137338049,7.004197941409234,7.335350314610174,6.624308560565018,5.659200135850492
2024-07-10,5633.91,0.010156283642139425,5.990665692619761,7.032925079575171,7.190687559081432,6.927452504963985,6.17733370863878
2024-07-11,5584.54,-0.00880162923017665,7.153499948890195,7.325460958227619,7.373405379201159,7.830857187826436,6.848143764779765
2024-07-12,5615.35,0.005501853628775982,7.255693686607952,7.475501444682524,7.573338598160313,7.8049522233642685,7.29434347676413
2024-07-15,5631.22,0.002822195662042845,6.883492918838669,7.5798171186290455,7.725683445321425,7.686079848036122,7.156671724017144
2024-07-16,5667.2,0.006369053660041409,7.061654788298116,7.512507141562448,7.590063092541502,7.625494383753015,7.188923916301626
2024-07-17,5588.27,-0.014025410555021933,8.96658005258231,7.562099729770373,7.617855298377241,8.654290264050086,7.288733878861871
2024-07-18,5544.59,-0.00784708046968273,9.20096501702694,7.877747544287522,7.839292992598344,9.417766155820594,8.066787734811966
2024-07-19,5505.0,-0.007165907407029404,9.553613868966595,8.167874536375633,8.11506628689475,9.714418848375162,8.33898618814522
2024-07-22,5564.41,0.010734189165974961,10.168959906159543,8.094155848486007,8.044057440418083,9.90666875951272,8.134129394188324
2024-07-23,5555.74,-0.0015593317997995005,10.168841876573769,8.134517380374481,8.092283667922343,9.908800529991915,8.119673549731042
2024-07-24,5427.13,-0.02342117844388951,13.148724418832437,8.644554140605354,8.243289754537184,11.590840743838191,9.658791489647966
2024-07-25,5399.22,-0.0051559504042484414,13.167608557018044,9.408999887295419,9.264101308292648,11.667473786845786,9.507701009332912
2024-07-26,5459.1,0.01102944231248889,13.759707232575646,9.588254811157352,9.486396335191325,11.917109733064615,9.734589019203678
2024-07-29,5463.54,0.0008129903108684501,13.758825282514483,9.688649527175382,9.620052247127424,11.92212206252715,9.769558973368166
2024-07-30,5436.44,-0.004972496433736025,13.793801315425508,9.876831066516283,9.801977998755582,12.094594412755658,10.320786469630606
2024-07-31,5522.3,0.01567000529191805,14.831825879832127,10.035188901669432,10.002461191949335,12.834637649718708,10.441058150962181
2024-08-01,5446.68,-0.013788191433053192,15.453042915165188,11.479539143648362,11.566539085237574,13.376836167059933,11.69888602551802
2024-08-02,5346.56,-0.018552885294602865,16.50308257875794,11.853295605544455,12.072547144363439,14.06685762132798,11.90198229762411
2024-08-05,5186.33,-0.030427045496882188,19.039526647399974,12.895461912293712,13.440330183699823,19.40484317179086,12.217979064722039
2024-08-06,5240.03,0.010300905557719547,19.573486934276787,13.705223132787363,14.442443258447152,19.69638801748504,12.764042277097806
2024-08-07,5199.5,-0.007764756389251183,19.594123558968825,14.69663569182007,15.262125752934994,20.739899394363853,13.695377648113057
2024-08-08,5319.31,0.022781128575607587,21.118372128296876,15.0486933058826,15.580011065528785,21.42545307396644,14.049317304736908
2024-08-09,5344.16,0.004660780212150723,21.146083980359865,15.019375503053858,15.616535514699939,21.487619848999305,13.826697192374917
2024-08-12,5344.39,4.3036707511422095e-05,20.982901024911996,14.936386898282425,15.53163806547345,21.362970433666728,13.616138626767768
2024-08-13,5434.43,0.016707226654933075,21.94385627788595,14.987855806751723,15.433775488355758,21.89127130690746,14.127151426940577
2024-08-14,5455.21,0.003816476067632372,21.843265055520646,15.054504133098215,15.540056089957977,21.832303022795934,14.05359998245585
2024-08-15,5543.22,0.01600444401278594,22.202341848296008,15.085306975840036,15.517410576392935,21.914701877426687,14.279230357497289
2024-08-16,5554.25,0.0019878411263283945,22.046726039560706,14.759892504651404,15.250409980368135,21.681258123752073,13.65493126924218
2024-08-19,5608.25,0.009675327436177775,22.1207945851084,14.740489623004061,15.17057325313583,21.800974831269958,13.79616953268385
2024-08-20,5597.12,-0.001986548174716506,21.8443203762644,14.716404897696863,15.156085943638093,21.64721646295033,13.767254800584105
2024-08-21,5620.85,0.004230718284184624,21.874982140772186,14.739036250437195,15.175764696992559,21.66723699911533,13.818936539617816
2024-08-22,5570.64,-0.008972949425464468,20.40268347474454,14.674182587195517,15.186136321329185,21.217106694381773,13.521399370208073
2024-08-23,5634.61,0.011417986208502448,20.554989004208373,14.315528060294408,14.699132675520508,21.250454739724773,13.728385662076137
2024-08-26,5616.84,-0.003158706615574787,20.359142145348347,14.262991476917733,14.636653865314111,21.183823904596032,13.614970448341875
2024-08-27,5625.8,0.0015939320118754585,20.35831288218569,14.236219298348459,14.583012449641105,21.210017261195407,13.635057735360531
2024-08-28,5592.18,-0.005993966945423385,20.401588660281423,14.052333777976402,14.376923506923623,21.1090350334111,13.49516473384156
2024-08-29,5591.96,-3.934142455813639e-05,19.726368433225964,14.079177483613275,14.415985475965629,20.685438025157808,13.377270529541164
2024-08-30,5648.4,0.010042467382856683,19.258513371807954,13.038769892534644,13.402231311091173,19.815722375685148,11.989873119275206
2024-09-03,5528.93,-0.02137801245458143,19.65424527538341,13.410249877426908,13.463124638822721,20.24286903156937,13.385590550012783
2024-09-04,5520.07,-0.0016037653903594354,15.917794637589738,12.465350351068825,12.216231623660686,14.908369646753497,13.07123988918651
2024-09-05,5503.41,-0.0030226412501879545,15.813397083883176,11.807227235242017,11.33960008602282,14.826319712279707,12.573969569308591
2024-09-06,5408.42,-0.017410901670867562,16.90505059062379,11.47716038656725,10.838481416596604,14.571324718650992,13.005746983071331
2024-09-09,5471.05,0.011513555690021488,15.545317804477499,11.024857496896578,10.461630144837613,13.764167279195336,12.528909034648434
2024-09-10,5495.52,0.004462660724490219,15.540134849975368,11.000879416826043,10.492631604004375,13.623792161324294,12.344866041906158
2024-09-11,5554.13,0.010608580303038784,15.857649955456246,12.31242578864128,12.145663302945971,14.103998934846382,12.086150145895092
2024-09-12,5595.76,0.00746737294203047,15.069054782836172,12.340462207755985,12.309624423630968,13.715083757024072,11.625568288435117
2024-09-13,5626.02,0.005393096878371416,15.110841757204907,12.274201341753754,12.197018589090408,13.759939432266943,11.753470536671852
2024-09-16,5633.09,0.0012558720767880025,14.156758449901327,12.211960454591996,12.201598739198557,13.322723738762793,11.461372497556747
2024-09-17,5634.58,0.00026447349073670164,14.15060093527101,12.312736198731947,12.34986632566734,13.295728036046587,11.44604096139783
2024-09-18,5618.26,-0.0029006031263851696,13.810233217565122,12.431830533724671,12.636216605349285,12.900615771444812,10.972010429529384
2024-09-19,5713.64,0.01683429124758695,14.946730888170432,12.482457624926083,12.700359787970324,13.775853853393363,10.999220316477485
2024-09-20,5702.55,-0.001942855451501775,14.930600731746818,12.477764241870572,12.70942264573692,13.72640445992169,10.979134654031077
2024-09-23,5718.57,0.0028053309143568263,14.5223183541999,12.122387021272726,12.48992687552421,13.13316082558241,10.116835519510477
2024-09-24,5732.93,0.0025079697029956895,14.056653592110022,12.012096703706865,12.400967692669187,12.87182467377906,9.963448489020056
2024-09-25,5722.26,-0.0018629115860669923,14.017509289981678,11.919668059504753,12.300256209602695,12.828047103201254,9.882505975707383
2024-09-26,5745.37,0.004030480802872329,14.058377923527706,11.955950100350886,12.36412247778073,12.803048587663918,9.911061797053426
2024-09-27,5738.17,-0.0012539688882457197,13.855618984515175,11.774811598095376,12.16709216926641,12.6819808283554,9.58667532649375
2024-09-30,5762.48,0.004227593432856073,13.885284188270417,11.753843112965859,12.078309624571855,12.947719572354893,9.739713311254663
2024-10-01,5708.75,-0.009367852083837029,13.995972037076662,11.800139925275882,12.077802598878117,13.024975308946384,10.370872998196571
2024-10-02,5709.54,0.0001383744853669804,11.52316867621012,11.046936373555198,11.630777614981982,11.539745585004683,7.97041158804946
2024-10-03,5699.94,-0.0016828115331257495,11.525910072587248,10.994294670447204,11.573052052577399,11.400961018453543,7.825898591729263
2024-10-04,5751.07,0.008930275984437889,11.674219796677605,10.865791897242714,11.410779443822264,11.48732994337195,7.707984931617397
2024-10-07,5695.94,-0.009632284107421169,10.26208509048107,10.04404541435592,10.91445855142645,9.922036748491909,5.589129324427121
2024-10-08,5751.13,0.009642716894192714,10.07299117775582,9.986548660334613,10.834856565810211,9.847769339690226,5.582268716793415
2024-10-09,5792.04,0.007088203896394327,10.181946827536544,9.932177594149213,10.661999274588183,10.084011330394766,6.125710358059988
2024-10-10,5780.05,-0.0020722279710146596,9.852142792828161,8.120332516844297,8.566677587850654,9.557308462191823,6.603250665720344
2024-10-11,5815.03,0.0060336118627852325,9.762138904348694,7.927910436341663,8.312001617639812,9.589734634297088,6.869776476789669
2024-10-14,5859.85,0.0076780609629941675,9.898351765205538,7.963814896521264,8.331401192534486,9.657300719937602,6.989968464404941
2024-10-15,5815.26,-0.007638509068754146,10.440402969627579,8.22033002889156,8.487346794583656,10.044048340287556,7.668395018162706
2024-10-16,5842.47,0.0046681557065759915,10.485261412494655,8.065475106491373,8.26207171374502,10.043414009168506,7.662461104680338
2024-10-17,5841.47,-0.00017117513483320916,10.375592469187623,7.70319634587863,7.718127094389845,10.257499336990206,8.029628746193172
2024-10-18,5864.67,0.003963737043124536,8.885289822933268,7.565995017514486,7.536622823415278,9.062659035922643,7.991886952340531
2024-10-21,5853.98,-0.0018244427413090425,8.880034373904154,7.568815063608906,7.543970171742254,9.066411391036421,7.963408109242419
2024-10-22,5851.2,-0.00047500338350551163,8.880255399115333,7.675796338946718,7.666201619641572,9.259103760764544,8.030834587180445
2024-10-23,5797.42,-0.009233777411953054,9.55054266104676,7.9953079502027125,7.991677914839185,9.615268521144115,8.623610824139835
2024-10-24,5809.86,0.0021434831869283494,9.524725393160196,8.012962093287221,8.022190069176558,9.652813234024983,8.643045267277348
2024-10-25,5808.12,-0.00029953572187414154,9.453135747385462,8.149505110385112,8.205915741309855,9.434625732162269,8.478909452783807
2024-10-28,5823.52,0.0026479514493707988,9.457650062176745,8.073053145242191,8.116933731513946,9.485013850710832,8.410338702805802
2024-10-29,5832.92,0.0016128426925638532,9.377910672589165,7.922348975371804,8.007494936325894,9.213561674823776,8.316902584437708
2024-10-30,5813.67,-0.003305691628139004,8.784099314591847,7.552007004449107,7.685456583596995,8.766709466032276,7.461807279706001
2024-10-31,5705.45,-0.01879018259951983,11.118988273882735,7.820444205486904,7.622363584829145,9.999921195954133,8.616601601123609
2024-11-01,5728.8,0.004084226330236237,11.190483466424462,7.87765984772937,7.701033303994302,10.002398814077115,8.674722403692474
2024-11-04,5712.69,-0.0028160686495115016,10.773192777120986,7.834510047378103,7.642346098554185,9.743713710510619,8.761394974247153
2024-11-05,5782.76,0.01219106130274809,11.04507281744403,7.914975855807996,7.586111372240138,10.137276131855485,9.079355888543786
2024-11-06,5929.04,0.02498123383889653,13.590942221697173,8.156043634849354,7.673087814977943,11.585387946148195,9.708157634947916
2024-11-07,5973.1,0.007403744412989463,13.607862674507018,8.041666812286653,7.595154812694458,11.442709042665818,9.587280420961248
2024-11-08,5995.54,0.0037498038697994338,13.566526806287197,8.063217498738,7.5970547291265715,11.415463393456733,9.702521951852729
2024-11-11,6001.35,0.0009685844338363746,13.477861146775844,7.955729152705353,7.580084325375921,11.143901081857944,9.36874794317362
2024-11-12,5983.99,-0.002896874371566189,13.364629567115752,8.005089803783763,7.699230734886493,11.031420507306654,9.26589237537403
2024-11-13,5985.38,0.0002322595101076364,12.996797096767473,7.792762357409656,7.63077840048262,10.611567925919513,8.673064603103983
2024-11-14,5949.17,-0.006068115029117462,13.184605841837508,7.8806531839121465,7.675803768986018,10.720954013551893,8.896102555375784
2024-11-15,5870.62,-0.013291463960568205,14.06791557831682,8.069545286627172,7.892715630396853,11.002183861565653,9.144161097961504
2024-11-18,5893.62,0.003910159824107666,14.06613938824214,8.153660261268683,7.982306771467017,11.047231314500337,9.238904779626703
2024-11-19,5916.98,0.0039557737052673715,14.102004139036806,8.369091650722485,8.107546534504237,11.532935616969324,9.554683016843649
2024-11-20,5917.11,2.1970426117316337e-05,14.098681951054903,8.504435931196799,8.32784145226147,11.377418711210753,9.46673978700766
2024-11-21,5948.71,0.005326235305174984,13.724982128333451,8.526573315258291,8.466000095280023,11.135799126864738,8.90508052644154
2024-11-22,5969.34,0.0034619792004100735,13.743665685577605,8.503239920837057,8.390088036433733,11.189384146015277,8.987874462193622
2024-11-25,5987.37,0.003015882072251307,13.743353093202343,8.436420960102206,8.322781966482804,11.14901515691329,9.021331544000926
2024-11-26,6021.63,0.005705736188806683,13.817628675030026,8.484678687185463,8.363609814844855,11.102604208534826,9.087261669140991
2024-11-27,5998.74,-0.0038085396153748753,13.94369843275359,8.420222744563905,8.268934313252906,11.157707999749194,9.126985699630543
2024-11-29,6032.38,0.005592178893918033,13.911221222691797,8.4157240017089,8.229850364132895,11.154064200859318,9.320343302207718
2024-12-02,6047.15,0.0024454606033056034,11.73338197143595,8.019705461810643,8.094201570051153,9.716282976140514,8.283577845793012
2024-12-03,6049.88,0.00045135046310470323,11.749579770921649,7.845076164607358,7.8523188393804215,9.711357576783506,8.222130455368932
2024-12-04,6086.49,0.006033123750502109,11.635247268373455,7.7360356796930345,7.69134267571689,9.631030058771556,8.22840245975905
2024-12-05,6075.11,-0.0018714648272306858,11.25180153269969,7.448056418352225,7.612531251753286,9.186823479662356,7.410278720261138
2024-12-06,6090.27,0.0024923196558419955,7.683030363730123,7.044778216100765,7.432037076133301,7.065197819699398,6.296297119294867
2024-12-09,6052.85,-0.006163180212196304,7.757058089754364,7.06159944425695,7.435966748284397,7.164646384515221,6.267709601094584
2024-12-10,6034.91,-0.0029682940713745675,7.765877966184101,7.058627911017197,7.418856163375451,7.218380054417165,6.206922602624958
2024-12-11,6084.19,0.008132661932885083,8.225186878035812,7.066212425149768,7.384704686804105,7.426047631597113,6.381097982281165
2024-12-12,6051.25,-0.0054287410919564485,8.407600858591625,6.919595324076765,7.177598603173742,7.49386527023474,6.293145297408202
2024-12-13,6051.09,-2.6441167577320025e-05,8.409241381132075,6.919849081132826,7.152250175919956,7.613241249831206,6.390450789172025
2024-12-16,6074.08,0.0037921163249597686,8.124801622901618,6.741324727264067,7.0551597763951275,7.230757774179342,5.9581274841797
2024-12-17,6050.61,-0.0038714440227630084,6.539120409469403,6.418006829971855,6.8005242457913075,6.421130494855707,5.216956991125145
2024-12-18,5872.16,-0.029936554508987644,12.615327026478914,9.432703371558059,8.532369807261574,12.219904957921363,10.897172413758948
2024-12-19,5867.08,-0.0008654734577528358,12.526718453912489,9.442667953759246,8.556824882238281,12.080780518236367,10.783030902423574
2024-12-20,5930.85,0.010810476252410672,13.116472804074904,10.605571966459872,9.746187869747894,13.49919830705802,12.515204515981166
2024-12-23,5974.07,0.00726089547546254,13.230037189286712,10.600526986162597,9.66604879297534,13.627372279848224,12.549583682505755
2024-12-24,6040.04,0.010982197273831982,13.711207405641588,10.747112765499972,9.728744962304642,13.94973140195311,12.833375629170504
2024-12-26,6037.59,-0.00040570874146761795,13.685214882415764,10.665136844586996,9.593921242695423,13.981559481817376,12.844882042328706
2024-12-27,5970.84,-0.01111730467559637,14.097664545960681,10.90593212550391,9.91106428998763,14.172170575356466,13.130565601617683
2024-12-30,5906.94,-0.010759690191101295,14.508866257046213,11.127092239307702,10.248806794148507,14.482263625318199,13.14203962857721
2024-12-31,5881.63,-0.00429399645413445,14.36920916568169,11.247009641020046,10.385383640779116,14.491908707610257,13.202924727116264
2025-01-02,5868.55,-0.002226349792552953,14.31067591564693,11.833822860172585,11.184059244816808,14.601939119629497,13.386755147379187
2025-01-03,5942.47,0.012517287272659085,15.098974061198343,12.007271590109884,11.286186200374065,15.056328259624829,13.749564139303805
2025-01-06,5975.38,0.0055228222624888485,15.070658092954048,12.153005939413877,11.513229841966396,15.121393209163905,13.711239522314006
2025-01-07,5909.03,-0.01116600476981219,15.486117836750745,12.72644796895999,11.970340396401133,15.779332605019908,14.653983996933489
2025-01-08,5918.25,0.001559107735282887,15.46052485181809,12.845297993886028,12.145980977536295,15.774366140983293,14.62036830697231
2025-01-10,5827.04,-0.015531644353894208,16.152068148317444,13.105648253518268,12.354074933348448,16.138007983401774,15.14001019789401
2025-01-13,5836.22,0.0015741742695762329,16.18765071731358,13.256726777862928,12.440311959651842,16.85102090249305,15.393301245783455
2025-01-14,5842.91,0.0011456334044923633,15.835779860290833,13.420947702527847,12.696414266895829,16.72455301312202,15.388037540956583
2025-01-15,5949.91,0.018147132985426716,17.223983644900436,13.525709824181382,12.772852340169674,17.399170590577235,15.617721184577974
2025-01-16,5937.34,-0.002114871763466578,17.227294070727968,13.49795215828087,12.711045765854697,17.417390382188525,15.668952682676002
2025-01-17,5996.66,0.00994142593572411,17.566845598419217,13.527873546573483,12.760208717248542,17.67433520265965,15.651392227915906
2025-01-21,6049.24,0.00872999675223129,17.812787695285376,13.593238522371772,12.795065450089464,17.79079429332534,15.759981225530368
2025-01-22,6086.37,0.006119200577442709,14.191209971052254,11.639647660581542,11.642256883817051,14.590061475866472,12.463664281616225
2025-01-23,6118.71,0.005299445097723889,14.211122594855178,11.478079770840326,11.441417655450433,14.37306535703782,12.53538939317799
2025-01-24,6101.24,-0.0028592607828964826,13.929406524506735,10.282488186373874,10.241814844105875,13.327282488640538,10.904973225455706
2025-01-27,6012.28,-0.014687984883634318,14.803316820404314,10.1121124795261,9.957749517634888,15.646896982843502,11.179306175438485
2025-01-28,6067.7,0.009175576254675617,14.651560519350626,10.282129672166363,10.285816476854494,15.497622941556068,10.83368742496163
2025-01-29,6039.31,-0.004689853570094891,14.749358923135603,10.321622846958341,10.329593273891833,15.494955257927758,10.930167394224071
2025-01-30,6071.17,0.005261570722435618,14.27561894591661,10.205689886843638,10.221969979586891,15.279557095758763,10.564882919432522
2025-01-31,6040.53,-0.005059581291425466,13.823780633408555,10.357593580043051,10.251088514860287,15.29475581538981,10.854390423749432
2025-02-03,5994.57,-0.007637696973119063,14.034032258149832,10.694356986197832,10.772288376189838,15.834560297157383,10.62863526173989
2025-02-04,6037.88,0.007198897488332478,14.148325733645573,10.179154413909359,10.036161548485643,15.765567527966557,10.61858886163943
2025-02-05,6061.48,0.0039010377290886913,13.59581844172876,10.137383444563348,10.045296881676482,15.64997431046492,10.335709092615856
2025-02-06,6083.57,0.003637700027498819,13.531358545749217,9.995116621375523,9.841103204952196,15.460997197110407,10.329753405425715
2025-02-07,6025.99,-0.009509913482107744,13.357028607013483,9.63741057804436,9.605697652476772,14.913618877111132,9.377153390807905
2025-02-10,6066.44,0.006690160848149635,13.504764879983226,9.504441581837295,9.397326095436098,14.984605352477075,9.49135329594641
2025-02-11,6068.5,0.00033951548500248807,12.07379243700256,9.11410341063381,9.120495587997532,14.265894535520236,8.545768274758975
2025-02-12,6051.97,-0.0027276186894511618,12.18140306159132,9.048360562495706,9.200232769005721,14.00935654042349,8.074897961294093
2025-02-13,6115.07,0.010372377459622351,12.539818513444429,9.019180718445266,8.975712967741838,14.057197745972081,8.429324995297161
2025-02-14,6114.63,-7.19559760565346e-05,11.122749127196576,8.833314293057429,8.865585042369169,13.392045986579221,7.9115066174849495
2025-02-18,6129.58,0.0024419717448794743,11.05827740479653,8.812819875514307,8.883808709212392,13.168487421032182,7.706997689543509
2025-02-19,6144.15,0.0023741775065794562,10.634513904876352,8.807778770963163,8.828482384972771,12.610298636740508,7.8312023093061525
2025-02-20,6117.52,-0.004343623971148685,10.423709407376073,8.83707006586926,8.937227060682133,12.57795016240262,7.781780107931622
2025-02-21,6013.13,-0.01721137399126208,11.880123976331655,9.522773243275747,9.19258509107388,13.934398416476057,9.741008540776331
2025-02-24,5983.25,-0.004981513054855011,11.77275324158121,9.675365801124615,9.401027490471773,14.126852784885866,9.692181151783602
2025-02-25,5955.25,-0.004690715138395557,11.824881931033385,10.02328003678709,9.869328422829115,14.169705195163479,9.911386215087632
2025-02-26,5956.06,0.0001360051919139706,10.753466837396964,10.204776845421504,10.228505824591583,11.919611607348063,9.599066410905936
2025-02-27,5861.57,-0.015991702852089028,11.428641448570124,10.90778200099867,10.400265213785616,13.62222724706571,11.662937163502999
2025-02-28,5954.5,0.015729750431897126,12.844658261463307,11.595893056001723,10.833176207322573,14.93116877305883,12.714746621542577
2025-03-03,5849.72,-0.01775343937549338,13.932920610243555,12.981289029150908,12.099900546118393,16.33910574543192,14.766955158981276
2025-03-04,5778.15,-0.01231023460336647,14.368249865053626,13.476523903447326,12.921928033548403,16.226404391955967,14.616306987658383
2025-03-05,5842.63,0.011097475685101249,14.91615800861694,13.707561131535357,13.089522402256037,16.155682882848737,14.891554752260431
2025-03-06,5738.52,-0.017979700568310077,15.656730329089703,14.066451215422413,13.566324241795641,16.42156357889567,15.005304406189879
2025-03-07,5770.2,0.0055054046005090125,15.747961484788272,14.565661721111537,14.25688639174392,16.47288059029521,14.856596716052408
2025-03-10,5614.56,-0.027343518375984407,17.78958189369416,15.419777485610517,15.066242587819719,17.50140045377232,16.417164700669392
2025-03-11,5572.07,-0.007596604935651537,17.72470860845293,15.689007198337663,15.532244957880634,17.35809101011618,16.3187910947237
2025-03-12,5599.3,0.004874971275234425,17.60098113927405,16.061065269506816,16.036652569416297,17.58052377794631,16.451609231615937
2025-03-13,5521.52,-0.013988405225352909,17.87249763369358,16.394569616464764,16.26845216779713,17.783341649925525,17.14491490081584
2025-03-14,5638.94,0.021042919881408308,19.94582074306283,16.541934308446773,16.247449915809785,18.629025263363523,17.774364500213263
2025-03-17,5675.12,0.00639560393434752,19.646006640038447,16.601560983406017,16.375835394772366,18.470981195408715,17.80683229865014
2025-03-18,5614.66,-0.01071067425391002,19.753692085327042,16.720134590744916,16.471956282952053,18.51665118267135,18.04612897383566
2025-03-19,5675.29,0.010740629118978858,20.29960850714112,17.035102096711523,16.83660979586087,18.883528136242045,18.37651935206516
2025-03-20,5662.89,-0.0021873007738032347,20.189769694631135,17.234767901045064,17.13027529339127,18.876800965588856,18.40413078902161
2025-03-21,5667.56,0.0008243274123172031,20.254216218727738,17.33202764230673,17.21896617669766,19.260198136569358,18.376605465020287
2025-03-24,5767.57,0.017492157944606672,20.88182074033132,17.069440926062164,17.128378667157,19.258643687279726,17.703350727487617
2025-03-25,5776.65,0.0015730819184730236,20.886770963583228,16.94372096225224,17.025820100821946,19.146164805940014,17.5718600289716
2025-03-26,5712.2,-0.011219691455108281,21.12668956464305,16.99677465160489,16.981941424543535,19.37422906418852,17.803351887178465
2025-03-27,5693.31,-0.0033124371066493626,21.11685387358195,16.931581254621477,16.89964857026755,19.360509714273093,17.801232597655407
2025-03-28,5580.94,-0.019934580336265845,21.48352395257594,16.78791314583072,16.849251284081028,18.952010677617555,17.55801273759115
2025-03-31,5611.85,0.005523212456950013,20.677913813368203,17.041173767412726,17.26120462322506,19.01287246783211,17.311680941783926
2025-04-01,5633.07,0.0037741531622356647,20.05461212869574,16.244889650700284,16.67413315649903,17.86511536854235,15.630596585720463
2025-04-02,5670.97,0.006705592339420831,19.87965982480008,16.193065555577828,16.28977484443308,18.69862564175992,16.641691746501525
2025-04-03,5396.52,-0.04960587756339505,25.57320581728722,16.170486860591662,15.969259115751132,22.00133583393929,17.475379939244355
2025-04-04,5074.08,-0.06160907367588022,32.225876358352764,18.11056879462231,16.379084769941436,26.743672586822186,22.665741619235746
2025-04-07,5062.25,-0.002334179209083819,31.991082373171587,24.470162133594698,24.99346325844389,28.65549484823184,24.50401772535813
2025-04-08,4982.77,-0.0158250871968123,31.274179464008462,28.013978488465696,28.545790193988264,33.10057577905692,27.57982329100018
2025-04-09,5456.9,0.09089490164871482,45.767768287782644,34.94821990827051,31.755397549824504,47.11800145402288,42.86199848064783
2025-04-10,5268.05,-0.03522058784511797,47.20488174555651,36.028182540845094,33.22233361393082,47.56954675513614,43.8011691628399
2025-04-11,5363.36,0.017930369252113488,47.554169668982674,36.40909905628264,33.628056850959375,47.66210976512299,43.99427413786593
2025-04-14,5405.97,0.007913254093151065,46.988109678170446,36.492636749769794,33.84639721215361,47.91037699653018,43.840011023936576
2025-04-15,5396.63,-0.0017292137684181356,46.88918444165716,36.478508678662244,33.853192557807404,47.929101602146794,43.72377790284254
2025-04-16,5275.7,-0.022663312700996363,47.336916640562265,36.870043694822904,34.38362808545432,48.11343761173062,43.87243727848819
2025-04-17,5282.7,0.0013259586728286152,47.105232292669044,36.82245855242653,34.339306621229156,48.160135266832555,43.76951272477714
2025-04-21,5158.2,-0.023849649226388613,47.62898130655179,37.08755268507478,34.59951600066999,48.478189761533386,44.23442139003203
2025-04-22,5287.76,0.024807034313980802,48.67634642170603,37.2223269741473,34.672509791228016,48.95982597658698,44.61483675711255
2025-04-23,5375.86,0.01652384547479458,48.62535223544257,37.420206072639125,35.00654709229442,49.42307361992438,44.468539755567676
2025-04-24,5484.77,0.02005659908960853,49.27827877531069,37.67757936235348,35.149193648443756,49.85477955601544,44.93157803063308
2025-04-25,5525.21,0.0073460954265644985,49.2825580274147,37.63817646647773,35.13401362373798,49.73029570253392,44.78030898588475
2025-04-28,5528.75,0.0006404944691347734,49.284122627345255,37.708402197797255,35.23835403235233,49.7483090402744,44.782194221939456
2025-04-29,5560.83,0.0057856274963946795,48.868751813037825,37.55700191436787,35.15650049158464,49.30998162268562,44.5009572809249
2025-04-30,5569.06,0.0014789007797954687,48.82943183446677,37.61694815514019,35.290495580152296,49.268990825197825,44.328964561078784
2025-05-01,5604.14,0.006279331841725186,48.863885087840096,37.53048419992183,35.179823814777436,49.519016147121384,44.30284715697648
2025-05-02,5686.67,0.014619229243407843,49.08213367718172,37.312401749641765,34.992999792296544,49.36332559397364,43.98459305117554
2025-05-05,5650.38,-0.006402040027831334,45.73328887089634,37.124093970981384,34.92164427477806,47.65437930665398,43.55933238920291
2025-05-06,5606.91,-0.007723033885546555,39.66921519692506,36.111975244500414,34.62420044558343,44.36329402232992,40.998615855143534
2025-05-07,5631.28,0.0043370041259597454,39.58622669316074,31.987940852563803,28.823858143450863,43.06846242426459,39.93768243057732
2025-05-08,5663.94,0.0057829933406661335,38.84977870703179,28.629214820945055,25.063060747790157,38.88461309807123,37.2364465397575
2025-05-09,5659.91,-0.0007117720863733933,23.64056056380814,19.23314772808686,20.42891046099586,21.850399932446724,17.50873768124587
2025-05-12,5844.19,0.03204001430944952,21.801268172075446,16.88156939796616,17.596653189974717,21.428371999431153,14.878243454598374
2025-05-13,5886.55,0.007222082173714943,21.307443691579138,15.81052903805248,16.69730132614768,20.376553996779094,13.592033703125145
2025-05-14,5892.58,0.001023844804624757,21.299284814723297,15.369719484241728,16.17911437944822,19.722371619464177,13.233896390166732
2025-05-15,5916.93,0.004123800988772676,21.193543552059786,15.314662427838504,16.026044034884922,19.86250621750154,13.565412051800333
2025-05-16,5958.38,0.006980898743962978,18.77696986484748,14.305397921860758,14.839269520075904,18.616355106137696,12.774861350889232
2025-05-19,5963.6,0.0008756935229845948,18.79111417738693,14.248123986377214,14.62661470275075,18.977234677145834,13.139508104047644
2025-05-20,5940.46,-0.0038877541185178555,15.871628247517963,13.319809231542035,13.712404782770864,17.504410712074584,11.36501206252571
2025-05-21,5844.61,-0.016266702451148567,16.34571391548818,13.250866612456798,13.802849158559471,17.812899192628926,10.264812091295186
2025-05-22,5842.01,-0.000444953295802523,15.857647692261226,12.649103419072127,13.02131475793912,16.30910165890064,10.401284047351352
2025-05-23,5802.82,-0.006730909417987258,15.129870128126708,12.030052694304915,12.82800798103165,15.748242439121668,8.322962998841126
2025-05-27,5921.54,0.02025254391312099,16.25006168817604,11.97463275089222,12.591667375272603,16.280778096872467,9.223670861852318
2025-05-28,5888.55,-0.005586762811582561,16.519370019207845,11.715974271185898,12.17529405999868,16.563838721763588,9.420432513165862
2025-05-29,5912.17,0.004003150916717184,16.493047641045376,11.706034156917289,12.287433050696462,16.737935130971017,9.08677113552718
2025-05-30,5911.69,-8.119175975762441e-05,16.519026197195462,10.640597946299884,11.190418171297543,15.722869245362242,8.78891372512993
2025-06-02,5935.94,0.004093651450134648,16.479042838158957,10.734137348065419,11.251861670793451,15.433229097137405,8.855173570027539
2025-06-03,5970.37,0.005783504036174,15.95226598451065,10.675860400331933,11.222922227292154,15.17669375513443,8.613220291425156
2025-06-04,5970.81,7.369455953249158e-05,15.661303649891966,10.557526143363004,11.064370889854436,15.033351872190465,8.622955113631232
2025-06-05,5939.3,-0.00529131528056298,15.480432927245158,10.650440130271397,11.061191883600454,15.069328699415543,9.065464356178282
2025-06-06,6000.36,0.010228186115699976,15.68998922101106,10.356055710939547,10.676030896226008,15.239970000208194,9.100611337693321
2025-06-09,6005.88,0.00091952191342838,15.672635807145486,9.924399784718766,10.0915769634198,15.166630218773424,9.100076044174756
2025-06-10,6038.81,0.005467983326654945,15.64476804259228,9.880698835864239,10.006758180457059,15.093399006037467,9.127715480593121
2025-06-11,6022.24,-0.0027476895336661002,11.668442563153638,9.849210484272627,10.010273462390314,12.287529280657719,9.188065282006583
2025-06-12,6045.26,0.003815210759964134,11.513987737756958,9.711104548326173,9.812107131611118,12.311383799464284,9.109680684140397
2025-06-13,5976.97,-0.011360743305409217,12.318106911475137,9.879176474846865,10.007285331101587,12.665706433527088,9.149407580749779
2025-06-16,6033.11,0.009348881754855183,12.631319427137877,9.79119451061896,9.98119604257084,12.548343137558573,8.951840758220628
2025-06-17,5982.72,-0.008387318295762367,12.823514468408293,9.770352341557988,9.953318490930696,12.651228654589385,9.052747526466428
2025-06-18,5980.87,-0.0003092717177279465,12.822148697638024,9.565982328647339,9.91870427222149,11.710891145247256,8.33752814319806
2025-06-20,5967.84,-0.0021809894398640384,12.76815161365335,9.713555414560599,10.051685144047028,11.833238465501045,8.496536907987515
2025-06-23,6025.17,0.009560641855696288,11.652253853080094,9.421147905764972,9.75088587932766,11.389110073956019,8.154404316556938
2025-06-24,6092.18,0.011060286796932295,12.09002673411442,9.349958645047032,9.592912499838118,11.615871911255883,8.385606705247998
2025-06-25,6092.16,-3.282902479779892e-06,11.696306066168129,9.132284275845757,9.320429060975457,10.86048988113404,8.283945597759457
2025-06-26,6141.02,0.007988153499777193,9.97103766388406,8.889005886089913,9.265326469456005,9.940192044220817,7.413085897052106
2025-06-27,6173.07,0.005205430912106668,9.669070780824082,8.850609453477922,9.279482866879265,9.689589513990091,7.247603886847573
